theta,E
0.000010,4.636299
0.071082,4.630670
0.154588,4.625596
0.238134,4.619992
0.321679,4.613726
0.405225,4.606609
0.488771,4.598363
0.568824,4.589000
