theta,E
0.000010,4.719203
0.018732,4.711244
0.044095,4.707098
0.075719,4.703436
0.111698,4.699936
0.150251,4.696463
0.190248,4.692938
0.231044,4.689307
0.272280,4.685521
0.313758,4.681535
0.355369,4.677297
0.397052,4.672748
0.438776,4.667813
0.480522,4.662392
0.522280,4.656354
0.564045,4.649509
0.605814,4.641575
0.647584,4.632108
0.689355,4.620335
0.731128,4.604737
0.761634,4.589000
